customer_id,total_purchase
93094,181569.68000000005
64560,164579.62
52275,153364.78999999998
61218,153067.55
82593,148281.04
40442,148141.88000000003
20648,148084.28999999998
36102,147833.9
84830,147688.4
23289,146720.19
