category,total_sales
Home & Kitchen,2901364.330000004
Sports,2853163.040000003
Electronics,2864604.7399999946
Clothing,2841424.610000002
Books,2853871.8500000075
Beauty,2919388.7500000037
Toys,2851913.1100000013
